name,site_url,feed_url,language,directory_group,status,show_in_directory,include_in_latest,notes
20ily April,https://20ilyapril.wordpress.com/,https://20ilyapril.wordpress.com/feed/,Unspecified,alphabetical,included,yes,yes,
26g,https://26g.netlify.app/,https://26g.netlify.app/feed.xml,Unspecified,alphabetical,included,yes,yes,
82MHz,http://82mhz.net/posts/,http://82mhz.net/index.xml,Unspecified,alphabetical,included,yes,yes,
@thiskurt's blog,https://thiskurt.me,https://thiskurt.me/rss.xml,Unspecified,alphabetical,included,yes,yes,
A 3D Blog for a 3D World,https://kingwilly105.blogspot.com/,https://kingwilly105.blogspot.com/feeds/posts/default,Unspecified,alphabetical,included,yes,yes,
A Boy And His Computer,https://aboyandhiscomputer.org/,https://aboyandhiscomputer.neocities.org/feed.xml,Unspecified,alphabetical,included,yes,yes,
A Day in the Life of Flash,https://adayinthelifeofflash.wordpress.com/,https://adayinthelifeofflash.wordpress.com/feed/,Unspecified,alphabetical,included,yes,yes,
A Geek Girl's Guide,https://ageekgirlsguide.com/,https://ageekgirlsguide.com/feed/,Unspecified,alphabetical,included,yes,yes,
A Green Mushroom,http://www.agreenmushroom.com/,http://www.agreenmushroom.com/feeds/posts/default,Unspecified,alphabetical,included,yes,yes,
A Missioneer in Eve,https://mikeazariah.wordpress.com/,http://mikeazariah.wordpress.com/feed/,Unspecified,alphabetical,included,yes,yes,
A parenthetical departure,https://departure.blog/,https://sylvia.bearblog.dev/feed/,Unspecified,alphabetical,included,yes,yes,
A Vueltas por los Mundos,https://vueltaspodcast.wordpress.com/,https://vueltaspodcast.wordpress.com/blog/feed/,Unspecified,alphabetical,included,yes,yes,
Achille Toupin,https://achilletoupin.com/,https://www.achilletoupin.com/feed.xml,Unspecified,alphabetical,included,yes,yes,
Aeish's Blog Feed :3,https://aeish-world.neocities.org/blog_front,https://aeish-world.neocities.org/feed.txt,Unspecified,alphabetical,included,yes,yes,
Aeternus Gaming,http://aeternusgaming.nl/,http://aeternusgaming.nl/feed/,Unspecified,alphabetical,included,yes,yes,
African Music Forum,https://amf.didiermary.fr/,https://amf.didiermary.fr/feed/,Unspecified,alphabetical,included,yes,yes,
agnes the alien's blog;,https://blog.agnes.love/,https://blog.agnes.love/feed/,Unspecified,alphabetical,included,yes,yes,
Alessandro Cuzzocrea,https://alessandrocuzzocrea.com,https://alessandrocuzzocrea.com/feed.xml,Unspecified,alphabetical,included,yes,yes,
Alex's Review Corner,https://super142.wordpress.com/,https://super142.wordpress.com/feed/,Unspecified,alphabetical,included,yes,yes,
Alligators and aneurysms!,https://alligatorsandaneurysms.wordpress.com/,http://alligatorsandaneurysms.wordpress.com/feed/,Unspecified,alphabetical,included,yes,yes,
Alvan's digital garden,https://rahim.li/,https://rahim.li/index.xml,Unspecified,alphabetical,included,yes,yes,
Amerpie by Lou Plummer,https://amerpie.lol/,https://amerpie.lol/feed.xml,Unspecified,alphabetical,included,yes,yes,
An Archaeopteryx,https://anarchaeopteryx.bearblog.dev/,https://anarchaeopteryx.bearblog.dev/feed/,Unspecified,alphabetical,included,yes,yes,
Aneesh Sathe,https://aneeshsathe.com/,https://aneeshsathe.com/index.xml,Unspecified,alphabetical,included,yes,yes,
Annonimax,https://annonimax.bearblog.dev/,https://annonimax.bearblog.dev/feed/,Unspecified,alphabetical,included,yes,yes,
Another Dayu,https://anotherdayu.com/,https://anotherdayu.com/feed/,Unspecified,alphabetical,included,yes,yes,
AppAddict,https://appaddict.app/,https://apps.louplummer.lol/feed.atom,Unspecified,alphabetical,included,yes,yes,
Ash & Veil,https://ahobbitsjourney.wordpress.com,https://ahobbitsjourney.wordpress.com/feed/,Unspecified,alphabetical,included,yes,yes,
Ash's Adventures,https://ashgar.com/,https://ashgar.com/feed/,Unspecified,alphabetical,included,yes,yes,
Avaruussuo,https://jlaasonen.me/,https://jlaasonen.me/feed/,Unspecified,alphabetical,included,yes,yes,
AW Sketch,https://www.awsketch.com/,https://www.awsketch.com/rss.xml,Unspecified,alphabetical,included,yes,yes,
Axxuy's Internet Notebook,https://axxuy.com/blog/,https://axxuy.com/blog/feed.xml,Unspecified,alphabetical,included,yes,yes,
Aywren's Nook,https://www.aywren.com/,https://aywren.com/feed.xml,Unspecified,alphabetical,included,yes,yes,
Backlog Crusader,https://backlogcrusader.com/,https://backlogcrusader.com/feed/,Unspecified,alphabetical,included,yes,yes,
Battle Stance,https://battlestance.org/,https://battlestance.org/feed/,Unspecified,alphabetical,included,yes,yes,
Bavatuesdays,https://bavatuesdays.com,http://bavatuesdays.com/feed/,Unspecified,alphabetical,included,yes,yes,
Beats and Skies,https://preconstructedmagic.wordpress.com/,https://preconstructedmagic.wordpress.com/feed/,Unspecified,alphabetical,included,yes,yes,
Ben Ramsey,https://ben.ramsey.dev/,https://ben.ramsey.dev/feeds/blog.rss,Unspecified,alphabetical,included,yes,yes,
Beto Dealmeida,https://robida.net/,https://robida.net/feed.xml,Unspecified,alphabetical,included,yes,yes,
Beyond Tannhauser Gate,https://www.beyondtannhausergate.com/,http://www.beyondtannhausergate.com/feed/,Unspecified,alphabetical,included,yes,yes,
Beyond the Horizon,https://blog.spencermagnusson.com,https://blog.spencermagnusson.com/feed.xml,Unspecified,alphabetical,included,yes,yes,
Biggus Bloggus,https://taterinx.bearblog.dev/,https://taterinx.bearblog.dev/feed/,Unspecified,alphabetical,included,yes,yes,
Bio Break,https://biobreak.wordpress.com/,https://biobreak.wordpress.com/feed/,Unspecified,alphabetical,included,yes,yes,
Bitterly Indifferent,https://pmjg.blogspot.com/,https://pmjg.blogspot.com/feeds/posts/default,Unspecified,alphabetical,included,yes,yes,
Blog of the Grubby Dog,https://your-local-grubdog.neocities.org/blog/,https://your-local-grubdog.neocities.org/feed.xml,Unspecified,alphabetical,included,yes,yes,
Blogging on Toby Geeks Out!,https://tobygeeksout.micro.blog/categories/blogging/,https://tobygeeksout.micro.blog/categories/blogging/feed.xml,Unspecified,alphabetical,included,yes,yes,
Blogging with Dragons,https://bloggingwithdragons.com/,https://www.bloggingwithdragons.com/feed/,Unspecified,alphabetical,included,yes,yes,
Bongo Twisty,https://www.bongotwisty.blog/,https://www.bongotwisty.blog/index.xml,Unspecified,alphabetical,included,yes,yes,
Brennan Day,https://brennan.day/,https://brennan.day/feed.xml,Unspecified,alphabetical,included,yes,yes,
Broken Star,https://brokenstar.blog/,https://brokenstar.blog/feed/,Unspecified,alphabetical,included,yes,yes,
BurgeonLab,https://burgeonlab.com/,https://burgeonlab.com/all/feed.xml,Unspecified,alphabetical,included,yes,yes,
Calamity Jess,https://www.calamityjess.net/,https://www.calamityjess.net/feed/,Unspecified,alphabetical,included,yes,yes,
Calishat,https://www.calishat.com/,https://www.calishat.com/feed/,Unspecified,alphabetical,included,yes,yes,
Can I Play Too?,https://caniplaytooblog.wordpress.com/,https://caniplaytooblog.wordpress.com/feed/,Unspecified,alphabetical,included,yes,yes,
Capsulejay's Tales from the Backlog,https://www.capsulejay.com/,http://talesfrombacklog.blogspot.com/feeds/posts/default,Unspecified,alphabetical,included,yes,yes,
Casual Aggro,https://casualaggro.wordpress.com/,http://casualaggro.wordpress.com/feed/,Unspecified,alphabetical,included,yes,yes,
Chasing Dings!,https://chasingdings.com/,https://chasingdings.com/?feed=rss2,Unspecified,alphabetical,included,yes,yes,
Cheap Boss Attack,https://cheapbossattack.wordpress.com/,http://cheapbossattack.wordpress.com/feed/,Unspecified,alphabetical,included,yes,yes,
Ches's Mind Dump,https://cheshiresminddump.blogspot.com/,https://cheshiresminddump.blogspot.com/feeds/posts/default,Unspecified,alphabetical,included,yes,yes,
Cheshire Gaming,https://www.cheshiregaming.com/,https://www.cheshiregaming.com/feeds/posts/default,Unspecified,alphabetical,included,yes,yes,
Christi Richards,https://christirichards.com/,https://christirichards.com/rss.xml,Unspecified,alphabetical,included,yes,yes,
Christopher Himes,http://christopherhimes.com/,https://christopherhimes.com/feed.xml,Unspecified,alphabetical,included,yes,yes,
Clandestini,https://clandestini.org/,https://clandestini.org/feed/,Unspecified,alphabetical,included,yes,yes,
Cobb.land,https://cobb.land/,https://cobb.land/feed.xml,Unspecified,alphabetical,included,yes,yes,
Coffee spills,https://tallywinkle.bearblog.dev/,https://tallywinkle.bearblog.dev/feed/,Unspecified,alphabetical,included,yes,yes,
ComradeNerdy,https://comradenerdy.com/,https://comradenerdy.com/feed/,Unspecified,alphabetical,included,yes,yes,
Contains Moderate Peril,https://www.containsmoderateperil.com/blog/,http://www.containsmoderateperil.com/feed/,Unspecified,alphabetical,included,yes,yes,
Cotswold Diary,https://diary.uncountable.uk/,https://diary.uncountable.uk/feed/,Unspecified,alphabetical,included,yes,yes,
Courtney Rosenthal,https://www.crosenthal.com/,https://www.crosenthal.com/chrome/feed.xml,Unspecified,alphabetical,included,yes,yes,
Cubic Creativity,https://cubiccreativity.wordpress.com/,https://cubiccreativity.wordpress.com/feed/,Unspecified,alphabetical,included,yes,yes,
Cynni’s Blog,https://cynnisblog.wordpress.com/,https://cynnisblog.wordpress.com/feed/,Unspecified,alphabetical,included,yes,yes,
Daily Creative Thing,https://dailycreativething.wordpress.com/,https://dailycreativething.wordpress.com/feed/,Unspecified,alphabetical,included,yes,yes,
Dave Henry Blog,https://davehenry.blog/,https://davehenry.blog/rss.xml,Unspecified,alphabetical,included,yes,yes,
Dear Angel,https://dearangelblog.tumblr.com/,https://dearangelblog.tumblr.com/rss,Unspecified,alphabetical,included,yes,yes,
Dextraneous,https://dextraneous.blog/,https://dextraneous.blog/feed/,Unspecified,alphabetical,included,yes,yes,
Dirchansky Freetalk,https://dirchansky.com/freetalk/,https://dirchansky.com/freetalk/rss.xml,Unspecified,alphabetical,included,yes,yes,
Dispatches from Darksyde,https://dispatchesfromdarksyde.wordpress.com/,https://dispatchesfromdarksyde.wordpress.com/feed/,Unspecified,alphabetical,included,yes,yes,
Divergent Rays' Blog,https://divergentrays.com/blog/,https://divergentrays.com/blog/blogfeed.xml,Unspecified,alphabetical,included,yes,yes,
Dozenial Dragons,https://www.dozenialdragons.me.uk/blog/,https://granary.io/url?input=html&output=rss&url=https%3A%2F%2Fwww.dozenialdragons.me.uk%2Fblog,Unspecified,alphabetical,included,yes,yes,
Dragonchasers,https://dragonchasers.com/,http://dragonchasers.com/feed/,Unspecified,alphabetical,included,yes,yes,
Emma Juettner,https://emmajuettner.com/,https://emmajuettner.com/feed/rss.xml,Unspecified,alphabetical,included,yes,yes,
Endgame Viable,https://endgameviable.com/,http://endgameviable.com/feed/,Unspecified,alphabetical,included,yes,yes,
Exposition is Inevitable,http://kebrent.blogspot.com/,http://kebrent.blogspot.com/feeds/posts/default,Unspecified,alphabetical,included,yes,yes,
Fifth Generation Gaming,https://fifthgengaming.blog/,https://fifthgengaming.blog/feed/,Unspecified,alphabetical,included,yes,yes,
Flamingo Flix,https://flamingo-flix.blogspot.com/,https://flamingo-flix.blogspot.com/feeds/posts/default,Unspecified,alphabetical,included,yes,yes,
Forking Mad+,https://forkingmad.blog/,https://forkingmad.blog/feed/,Unspecified,alphabetical,included,yes,yes,
Friendly Neighborhood Blu,https://blu30rion.wordpress.com/,https://blu30rion.wordpress.com/feed/,Unspecified,alphabetical,included,yes,yes,
From the keyboard of Dr Jan,https://drjan.org,https://drjan.org/feed/,Unspecified,alphabetical,included,yes,yes,
Frostilyte Writes,https://frostilyte.ca/,https://frostilyte.ca/feed/,Unspecified,alphabetical,included,yes,yes,
Full Time Casual,https://blog.kevinbrill.com/,https://blog.kevinbrill.com/feeds/posts/default?alt=rss,Unspecified,alphabetical,included,yes,yes,
Fyr.io,https://fyr.io/,https://fyr.io/feed,Unspecified,alphabetical,included,yes,yes,
Gamer Girl Confessions,https://gamergirlconfessions.com/,http://gamergirlconfessions.com/feed/,Unspecified,alphabetical,included,yes,yes,
GamerLady P Blog,https://www.gamerlady.blog/,https://gamerlady.blog/feed/,Unspecified,alphabetical,included,yes,yes,
Gamers Esoteric,https://www.gamersesoteric.com/,https://www.gamersesoteric.com/feeds/posts/default,Unspecified,alphabetical,included,yes,yes,
Games and Geekery,https://gamesandgeekeryblog.wordpress.com/,https://gamesandgeekeryblog.wordpress.com/feed/,Unspecified,alphabetical,included,yes,yes,
Gaming Conversations,https://braxwolf.wordpress.com/,http://braxwolf.wordpress.com/feed/,Unspecified,alphabetical,included,yes,yes,
Gaming Omnivore,https://gamingomnivore.wordpress.com/,https://gamingomnivore.com/feed/,Unspecified,alphabetical,included,yes,yes,
GamingSF,https://gamingsf.wordpress.com/,https://gamingsf.wordpress.com/feed/,Unspecified,alphabetical,included,yes,yes,
Gaudete Theology,https://gaudetetheology.wordpress.com/,http://gaudetetheology.wordpress.com/feed/,Unspecified,alphabetical,included,yes,yes,
Geek on a Harley,https://geekonaharley.org/,https://geekonaharley.org/feed/,Unspecified,alphabetical,included,yes,yes,
Glenn Greenwald,https://greenwald.substack.com,https://greenwald.substack.com/feed/,Unspecified,alphabetical,included,yes,yes,
Glome,https://glome.bearblog.dev/,https://glome.bearblog.dev/feed/,Unspecified,alphabetical,included,yes,yes,
Going Commando,https://swtorcommando.blogspot.com/,http://swtorcommando.blogspot.com/feeds/posts/default?alt=rss,Unspecified,alphabetical,included,yes,yes,
Graphiya's Garden,https://graphiya.wordpress.com/,https://graphiya.wordpress.com/feed/,Unspecified,alphabetical,included,yes,yes,
gRegorLove.com,https://gregorlove.com,http://feeds.feedburner.com/gregorlove,Unspecified,alphabetical,included,yes,yes,
Gridranger,https://blog.gridranger.dev/,https://gridranger.frama.io/feeds/all.atom.xml,Unspecified,alphabetical,included,yes,yes,
Hardcore Casual,https://syncaine.com/,http://syncaine.wordpress.com/feed/,Unspecified,alphabetical,included,yes,yes,
Heart Soul Machine,https://heartsoulmachine.com/,https://heartsoulmachine.com/feed.xml,Unspecified,alphabetical,included,yes,yes,
Heartlessgamer,http://www.heartlessgamer.com/,http://feeds.feedburner.com/Heartless_Gamer,Unspecified,alphabetical,included,yes,yes,
History Will Say This Was Just a Book Blog,https://historywillsaythiswasjustabookblog.wordpress.com/,https://historywillsaythiswasjustabookblog.wordpress.com/feed/,Unspecified,alphabetical,included,yes,yes,
Home on devz.cl,https://devz.cl/,https://devz.cl/index.xml,Unspecified,alphabetical,included,yes,yes,
Hundstrasse,https://hundstrasse.com/,https://hundstrasse.com/feed/,Unspecified,alphabetical,included,yes,yes,
I Have Touched the Sky,https://ihavetouchedthesky.blogspot.com/,http://ihavetouchedthesky.blogspot.com/feeds/posts/default,Unspecified,alphabetical,included,yes,yes,
"I wonder, if I draw a line…",https://sheri42.net,https://sheri42.net/feed/,Unspecified,alphabetical,included,yes,yes,
In An Age,https://inanage.com/,http://inanage.com/feed/,Unspecified,alphabetical,included,yes,yes,
In Another Place,https://www.ivyrun.com/inanotherplace,https://www.ivyrun.com/inanotherplace/?feed=rss2,Unspecified,alphabetical,included,yes,yes,
Inconsistent Software,https://www.inconsistent.software/,https://www.inconsistent.software/feed.xml,Unspecified,alphabetical,included,yes,yes,
Indiecator,https://indiecator.org/,https://indiecator.home.blog/feed/,Unspecified,alphabetical,included,yes,yes,
Indiedee,https://www.indiedee.com/,https://www.indiedee.com/feed/,Unspecified,alphabetical,included,yes,yes,
Inventory Full,https://bhagpuss.blogspot.com/,https://bhagpuss.blogspot.com/feeds/posts/default?alt=rss,Unspecified,alphabetical,included,yes,yes,
IW,https://www.isaacwyatt.com/,https://www.isaacwyatt.com/feed.xml,Unspecified,alphabetical,included,yes,yes,
Jackalope Talk,https://talk.jackalope.city/,https://talk.jackalope.city/feed/,Unspecified,alphabetical,included,yes,yes,
JAG’s Workshop,https://jagsworkshop.com/,https://jagsworkshop.com/rss/,Unspecified,alphabetical,included,yes,yes,
JASON JOURNALS,https://jasonjournals.com/,https://jasonjournals.com/feed/,Unspecified,alphabetical,included,yes,yes,
Jayeless.net,https://www.jayeless.net/,https://www.jayeless.net/index.xml,Unspecified,alphabetical,included,yes,yes,
Joelchrono's blog,https://joelchrono.xyz/,https://joelchrono.xyz/feed.xml,Unspecified,alphabetical,included,yes,yes,
Juha-Matti Santala,https://hamatti.org/,https://hamatti.org/feed/feed.xml,Unspecified,alphabetical,included,yes,yes,
Just Text,https://justtext.net/,https://justtext.net/feed.atom,Unspecified,alphabetical,included,yes,yes,
Justcallmeroybert,https://justcallmeroybert.wordpress.com/,https://justcallmeroybert.ca/feed/,Unspecified,alphabetical,included,yes,yes,
JVT Workshop,http://josephskyrim.blogspot.com/,http://josephskyrim.blogspot.com/feeds/posts/default,Unspecified,alphabetical,included,yes,yes,
K-Squared Ramblings,https://journal.kvibber.com/,http://www.hyperborea.org/journal/feed/,Unspecified,alphabetical,included,yes,yes,
Kai Gulliksen Blog,https://kaigulliksen.com/,https://kaigulliksen.com/feed.xml,Unspecified,alphabetical,included,yes,yes,
Karthik Kamalakannan & the Internet,https://imkarthikk.com/,https://imkarthikk.com/feed.xml,Unspecified,alphabetical,included,yes,yes,
Kay Talks Games,https://kaytalksgames.wordpress.com/,https://kaytalksgames.wordpress.com/feed/,Unspecified,alphabetical,included,yes,yes,
Kaylee Rowena,https://kayleerowena.com/,https://kayleerowena.com/rss.xml,Unspecified,alphabetical,included,yes,yes,
Kaylriene,https://kaylriene.com/,https://kaylriene.wordpress.com/feed/,Unspecified,alphabetical,included,yes,yes,
Kelson Vibber: New Posts,https://kvibber.com/,https://kvibber.com/feed.xml,Unspecified,alphabetical,included,yes,yes,
KF's Playground,https://sincerityplayground.bearblog.dev/,https://sincerityplayground.bearblog.dev/feed/,Unspecified,alphabetical,included,yes,yes,
Kimberly Hirsh,https://kimberlyhirsh.com/,https://kimberlyhirsh.com/feed.xml,Unspecified,alphabetical,included,yes,yes,
Knifesedge Blogs,https://knifesedgeblogs.wordpress.com/,https://knifesedgeblogs.wordpress.com/feed/,Unspecified,alphabetical,included,yes,yes,
Konfetti Explorations,https://marisabel.nl/,https://marisabel.nl/feeds/blog.php,Unspecified,alphabetical,included,yes,yes,
KONMAI Zone,https://konmai.substack.com/,https://konmai.substack.com/feed,Unspecified,alphabetical,included,yes,yes,
Lameazoid,https://lameazoid.com/,https://lameazoid.com/feed/,Unspecified,alphabetical,included,yes,yes,
LapisLabel,https://lapislabel.net/,https://lapislabel.net/feed.xml,Unspecified,alphabetical,included,yes,yes,
Lars-Christian's website,https://lars-christian.com/,https://lars-christian.com/posts/feed.xml,Unspecified,alphabetical,included,yes,yes,
Later Levels,https://laterlevelsblog.wordpress.com/,https://laterlevels.com/feed/,Unspecified,alphabetical,included,yes,yes,
Leaflocker,http://leaflocker.blogspot.com/,http://leaflocker.blogspot.com/feeds/posts/default,Unspecified,alphabetical,included,yes,yes,
Lee Perry,https://prry.uk,https://prry.uk/feed,Unspecified,alphabetical,included,yes,yes,
Leekscosycorner,https://leekscosycorner.com/,https://leekscosycorner.com/feed/,Unspecified,alphabetical,included,yes,yes,
Lemons to Lemonades,https://lemons.bearblog.dev/,https://lemons.bearblog.dev/feed/,Unspecified,alphabetical,included,yes,yes,
LFGryph,https://lfgryph.com/,http://lfgryph.com/feed/,Unspecified,alphabetical,included,yes,yes,
Littlelum,https://www.littlelum.neocities.org/,https://littlelum.neocities.org/RSS.xml,Unspecified,alphabetical,included,yes,yes,
Living Out Loud,https://louplummer.lol/,https://louplummer.lol/feed/,Unspecified,alphabetical,included,yes,yes,
Lost Letters,https://lostletters.neocities.org/,https://lostletters.neocities.org/feed.xml,Unspecified,alphabetical,included,yes,yes,
Lucky Instar,https://luckyinstar.neocities.org/blog,https://luckyinstar.neocities.org/feed.xml,Unspecified,alphabetical,included,yes,yes,
Luka Prin/ce Lucija log,https://prin.lu,https://prin.lu/feed.xml,Unspecified,alphabetical,included,yes,yes,
LunarLoony,https://lunarloony.co.uk/,https://lunarloony.co.uk/feed/,Unspecified,alphabetical,included,yes,yes,
Lyons in Beta,https://lyonsinbeta.com/,https://lyonsinbeta.com/feed/feed.xml,Unspecified,alphabetical,included,yes,yes,
Lysurps,https://lysurps.neocities.org/,https://lysurps.neocities.org/rss.xml,Unspecified,alphabetical,included,yes,yes,
Mailvaltar,https://mailvaltar.wordpress.com/,https://mailvaltar.wordpress.com/feed/,Unspecified,alphabetical,included,yes,yes,
Many Welps,https://manywelps.com/,https://manywelps.com/feed/,Unspecified,alphabetical,included,yes,yes,
Mar Qaroll's The Marrowing!,https://blog.marqaroll.com/,https://blog.marqaroll.com/feeds/posts/default,Unspecified,alphabetical,included,yes,yes,
Martin Schuhmann,https://martinschuhmann.com/,https://martinschuhmann.com/feed/,Unspecified,alphabetical,included,yes,yes,
Massack,https://massack.wordpress.com/,https://massack.wordpress.com/feed/,Unspecified,alphabetical,included,yes,yes,
Matt's Blog,https://mtwb.blog/,https://mtwb.blog/index.xml,Unspecified,alphabetical,included,yes,yes,
MDi of the M Disk Playlist,https://web.archive.org/web/20241229061101/https://cohost.org/mdi,https://cohost.org/mdi/rss/public.json,Unspecified,alphabetical,included,yes,yes,
Me Vs. Myself and I,https://gdub4.wordpress.com/,http://gdub4.wordpress.com/feed/,Unspecified,alphabetical,included,yes,yes,
Michael Harley,https://michaelharley.net,https://obsolete29.com/feed/feed.xml,Unspecified,alphabetical,included,yes,yes,
Michcia's Notes,https://michcia.bearblog.dev/,https://michcia.bearblog.dev/feed/,Unspecified,alphabetical,included,yes,yes,
MMO Casual,http://wowaltaddiction.blogspot.com/,http://wowaltaddiction.blogspot.com/feeds/posts/default,Unspecified,alphabetical,included,yes,yes,
MMO Folklorist,https://mmofolklorist.com/,https://mmofolklorist.com/feed/,Unspecified,alphabetical,included,yes,yes,
MMO Gypsy,https://www.mmogypsy.com/,http://feeds.feedburner.com/RagingMonkeys,Unspecified,alphabetical,included,yes,yes,
MMO Juggler,https://mmojuggler.wordpress.com/,https://mmojuggler.wordpress.com/feed/,Unspecified,alphabetical,included,yes,yes,
MMO One Night a Week,http://mmoonenight.blogspot.com/,http://mmoonenight.blogspot.com/feeds/posts/default,Unspecified,alphabetical,included,yes,yes,
MogBlog,https://mogblog.pika.page/,https://mogblog.pika.page/posts_feed,Unspecified,alphabetical,included,yes,yes,
Monocyte’s blog,https://monocyte.blog/,https://monocyte.bearblog.dev/feed/?type=rss,Unspecified,alphabetical,included,yes,yes,
Monsterlady's Diary,https://monsterladysdiary.wordpress.com/,https://monsterladysdiary.wordpress.com/feed/,Unspecified,alphabetical,included,yes,yes,
mormoroi,https://mormoroi.com/,https://journal.miso.town/atom?url=https://mormoroi.com/_parts/rss.html,Unspecified,alphabetical,included,yes,yes,
Muliama's Diaries,https://www.muliama.blog/,https://www.muliama.blog/feed/,Unspecified,alphabetical,included,yes,yes,
Musings And Mumblings,https://nothe.purplellamas.net/,https://nothe.purplellamas.net/feed.xml,Unspecified,alphabetical,included,yes,yes,
Musings Over Pints and Coffee,https://musingsoverpintsandcoffee.wordpress.com,https://musingsoverpintsandcoffee.wordpress.com/feed/,Unspecified,alphabetical,included,yes,yes,
Muttthecowcat,https://muttthecowcat.neocities.org/,https://muttthecowcat.neocities.org/rss.xml,Unspecified,alphabetical,included,yes,yes,
My blog about anything and everything!,https://www.conor.zone/,https://www.conor.zone/en/feeds/rss.xml,Unspecified,alphabetical,included,yes,yes,
Nathan Friend,https://noof.omg.lol/,https://noof.omg.lol/rss.xml,Unspecified,alphabetical,included,yes,yes,
Necoco Loves Stuff,https://necocolovesstuff.wordpress.com/,https://necocolovesstuff.wordpress.com/feed/,Unspecified,alphabetical,included,yes,yes,
Nerd Girl Thoughts,https://nerdgirlthoughts.game.blog/,https://nerdgirlthoughts.game.blog/feed/,Unspecified,alphabetical,included,yes,yes,
Nerdend News,https://nerdendnews.wordpress.com/,https://nerdendnews.wordpress.com/feed/,Unspecified,alphabetical,included,yes,yes,
Nerdy Bookahs,https://nerdybookahs.wordpress.com/,http://nerdybookahs.wordpress.com/feed/,Unspecified,alphabetical,included,yes,yes,
Nero Blog,https://blog.itsnero.com/,https://blog.itsnero.com/feed,Unspecified,alphabetical,included,yes,yes,
Neurofrontiers,https://neurofrontiers.blog/,https://neurofrontiers.blog/feed/,Unspecified,alphabetical,included,yes,yes,
Neverwinter Thoughts,http://neverwinterthoughts.blogspot.com/,http://neverwinterthoughts.blogspot.com/feeds/posts/default,Unspecified,alphabetical,included,yes,yes,
Newsonaut,https://www.newsonaut.com/,https://www.newsonaut.com/rss,Unspecified,alphabetical,included,yes,yes,
Noisy Deadlines,https://noisydeadlines.net/,https://noisydeadlines.net/feed/,Unspecified,alphabetical,included,yes,yes,
Nomadic Gamers,https://nomadicgamer.wordpress.com/,http://nomadicgamer.wordpress.com/feed/,Unspecified,alphabetical,included,yes,yes,
NomadWarMachine,https://nomadwarmachine.co.uk/,https://nomadwarmachine.co.uk/feed/,Unspecified,alphabetical,included,yes,yes,
Nosrednayduj's Blog,https://nosrednayduj.dreamwidth.org/,https://nosrednayduj.dreamwidth.org/data/rss,Unspecified,alphabetical,included,yes,yes,
Not all those who wander are lost,https://kavmac.com/,https://kavmac.com/feed/,Unspecified,alphabetical,included,yes,yes,
Notes by druchan,https://notes.druchan.com/,https://notes.druchan.com/feed.xml,Unspecified,alphabetical,included,yes,yes,
Notes by JCProbably,https://notes.jeddacp.com/,https://notes.jeddacp.com/feed/,Unspecified,alphabetical,included,yes,yes,
Notes — msfjarvis.dev,https://msfjarvis.dev/,https://msfjarvis.dev/notes/rss.xml,Unspecified,alphabetical,included,yes,yes,
Nullish,https://nullish.smol.pub/,https://nullish.smol.pub/atom.xml,Unspecified,alphabetical,included,yes,yes,
Object Dot Computer,https://object.computer/,https://object.computer/feed.xml,Unspecified,alphabetical,included,yes,yes,
Of Bones And Tealeaves,https://ofbonesandtealeaves.wordpress.com/,https://ofbonesandtealeaves.wordpress.com/feed/,Unspecified,alphabetical,included,yes,yes,
Off Fleek Geek,https://ofg.fyi/,https://ofg.fyi/feed.xml,Unspecified,alphabetical,included,yes,yes,
Off the Top,https://www.vanderwal.net/random/index.php,http://feeds.feedburner.com/VanderwalnetOffTheTop,Unspecified,alphabetical,included,yes,yes,
Oh-no.ooo,https://oh-no.ooo/,https://www.oh-no.ooo/rss.xml,Unspecified,alphabetical,included,yes,yes,
Orbital Martian,https://orbitalmartian.polymaths.page/,https://orbitalmartian.polymaths.page/feed.xml,Unspecified,alphabetical,included,yes,yes,
OrbitalMartian,https://orbitalmartian.polymaths.page/,https://orbitalmartian.vercel.app/feed.xml,Unspecified,alphabetical,duplicate,no,no,Legacy duplicate; superseded by https://orbitalmartian.polymaths.page/feed.xml
Overage-Gaming,https://overage-gaming.com/,https://overage-gaming.com/feed/,Unspecified,alphabetical,included,yes,yes,
Parallel Spirals,https://pradx.in,https://pradx.in/feed/,Unspecified,alphabetical,included,yes,yes,
Paseo Baggage,https://paseobaggage.bearblog.dev/,https://paseobaggage.bearblog.dev/feed/,Unspecified,alphabetical,included,yes,yes,
People and Blogs — Zachary Kai,https://zacharykai.net/,https://manuelmoreale.com/feed/peopleandblogs,Unspecified,alphabetical,included,yes,yes,
Personal InfoCloud,https://personalinfocloud.com/,https://personalinfocloud.com/feed/,Unspecified,alphabetical,included,yes,yes,
"Point, Click, Repeat",https://welshtroll.co.uk/,http://welshtroll.co.uk/feed/,Unspecified,alphabetical,included,yes,yes,
Portrait of the Man as a...,https://angrybunnyman.com/,https://angrybunnyman.com/feed/,Unspecified,alphabetical,included,yes,yes,
Posts and notes from Nick Simson,https://www.nicksimson.com/,https://www.nicksimson.com/feed.xml,Unspecified,alphabetical,included,yes,yes,
Posts on galumphing,https://galumphing.net/posts/,http://galumphing.net/feed/,Unspecified,alphabetical,included,yes,yes,
Pour The Coffee,https://pourthecoffee.bearblog.dev/,https://pourthecoffee.bearblog.dev/feed/,Unspecified,alphabetical,included,yes,yes,
Pretend Typewriter,https://pretendtypewriter.net/,https://pretendtypewriter.net/feed/,Unspecified,alphabetical,included,yes,yes,
Priest with a Cause,https://priestwithacause.blogspot.com/,https://priestwithacause.blogspot.com/feeds/posts/default?alt=rss,Unspecified,alphabetical,included,yes,yes,
PUNKTO,https://punkto.org/,https://punkto.org/blog.xml,Unspecified,alphabetical,included,yes,yes,
Puxped's Microblog,https://pux.nehukon.de/microblog/,https://pux.nehukon.de/box/feed.php?f=notes,Unspecified,alphabetical,included,yes,yes,
Queen Of Squiggles's Blog,https://queenofsquiggles.codeberg.page/,https://queenofsquiggles.codeberg.page/rss.xml,Unspecified,alphabetical,included,yes,yes,
Quinn Daedal,https://quinndaedal.com/,https://quinndaedal.com/feed.xml,Unspecified,alphabetical,included,yes,yes,
Quintessence of Dust,https://sfmatheson.blogspot.com/,http://sfmatheson.blogspot.com/feeds/posts/default,Unspecified,alphabetical,included,yes,yes,
Rachonaut,https://rachonaut.com/,https://rachonaut.com/feed/,Unspecified,alphabetical,included,yes,yes,
Ramble With(out) A Cause,https://ramblewithoutacause.wordpress.com/,https://ramblewithoutacause.wordpress.com/feed/,Unspecified,alphabetical,included,yes,yes,
Random Access Memories,https://blog.x1101.net/,https://blog.x1101.net/rss.xml,Unspecified,alphabetical,included,yes,yes,
Re: Nyman,https://blog.nyman.re/,https://blog.nyman.re/index.xml,Unspecified,alphabetical,included,yes,yes,
Reay Jespersen,https://www.reayjespersen.com/,https://www.reayjespersen.com/feed/,Unspecified,alphabetical,included,yes,yes,
Ribo.zone,https://ribo.zone/,https://ribo.zone/feed.xml,Unspecified,alphabetical,included,yes,yes,
Riel's Nest,https://rieaglenest.wordpress.com/,https://rieaglenest.wordpress.com/feed/,Unspecified,alphabetical,included,yes,yes,
Rishi Dass,https://rishidass.net,https://rishidass.net/posts_feed,Unspecified,alphabetical,included,yes,yes,
Robert Birming,https://birming.com/,https://birming.com/feed/,Unspecified,alphabetical,included,yes,yes,
Rogue Writers,https://roguewriters.net/,https://roguewriters.net/feed/,Unspecified,alphabetical,included,yes,yes,
ROSKA'S REVERIE ⋆౨ৎ˚⟡˖ ࣪,https://polvoronii.bearblog.dev/,https://polvoronii.bearblog.dev/feed/,Unspecified,alphabetical,included,yes,yes,
Ryan P. Randall,https://www.ryanpatrickrandall.com/,https://www.ryanpatrickrandall.com/feed.xml,Unspecified,alphabetical,included,yes,yes,
Sal's Blog,https://sals.place/,https://sals.place/feed/,Unspecified,alphabetical,included,yes,yes,
Same Old Daph,https://sameolddaph.wordpress.com/,https://sameolddaph.wordpress.com/feed/,Unspecified,alphabetical,included,yes,yes,
Scopique’s,https://scopique.com/,https://scopique.com/feed/,Unspecified,alphabetical,included,yes,yes,
Scormus Fails,https://scormey.com/,https://scormey.com/feed/,Unspecified,alphabetical,included,yes,yes,
Seeker's Blog,https://seeker518.wordpress.com/,https://seeker518.wordpress.com/feed/,Unspecified,alphabetical,included,yes,yes,
Shadowz Abstract Gaming,https://sag.sadesignz.org/,https://sag.sadesignz.org/feed/,Unspecified,alphabetical,included,yes,yes,
Sid Debona,https://sid-debona.blogspot.com/,https://sid-debona.blogspot.com/feeds/posts/default,Unspecified,alphabetical,included,yes,yes,
Sigmatic,https://sigmatic.neocities.org/blog,https://sigmatic.neocities.org/feed.txt,Unspecified,alphabetical,included,yes,yes,
Small Good Things,https://hollie.eilloh.net/,https://hollie.eilloh.net/rss.xml,Unspecified,alphabetical,included,yes,yes,
Smörgåsboring,https://smorgasboring.com/,https://smorgasboring.com/rss/,Unspecified,alphabetical,included,yes,yes,
Srijan Choudhary,https://srijan.ch/feed/all,https://srijan.ch/feed/all.xml,Unspecified,alphabetical,included,yes,yes,
StarShadow,https://starandshadow.wordpress.com/,http://starandshadow.wordpress.com/feed/,Unspecified,alphabetical,included,yes,yes,
Stories by Audrey Zetta on Medium,https://medium.com/@audreyzetta?source=rss-529ca56efa34------2,https://medium.com/feed/@audreyzetta,Unspecified,alphabetical,included,yes,yes,
Story Mode,https://missquote.net/,https://missquote.net/rss.xml,Unspecified,alphabetical,included,yes,yes,
SweaterPockets,https://sweaterpockets.bearblog.dev/,https://sweaterpockets.bearblog.dev/feed/,Unspecified,alphabetical,included,yes,yes,
Syl's Blog,https://syls.blog/,https://syls.blog/feed/,Unspecified,alphabetical,included,yes,yes,
Sylvia's Studio,https://sylvia.studio/,https://sylvia.studio/feed.xml,Unspecified,alphabetical,included,yes,yes,
Synthetic Dulips,https://syntheticdulips.wordpress.com/,https://syntheticdulips.wordpress.com/feed/,Unspecified,alphabetical,included,yes,yes,
Tabitha Computer,https://tabitha.computer/,https://tabitha.computer/feed/,Unspecified,alphabetical,included,yes,yes,
Tales of the Aggronaut,https://aggronaut.com/,http://aggronaut.com/feed/,Unspecified,alphabetical,included,yes,yes,
Tanking Mage,https://tankingmage.wordpress.com/,https://tankingmage.wordpress.com/feed/,Unspecified,alphabetical,included,yes,yes,
Tantek Çelik,https://tantek.com/,http://tantek.com/updates.atom,Unspecified,alphabetical,included,yes,yes,
"Tart, darling",https://www.tartdarling.com/,https://www.tartdarling.com/feed/,Unspecified,alphabetical,included,yes,yes,
Taxodium,https://taxodium.ink/,https://taxodium.ink/index.xml,Unspecified,alphabetical,included,yes,yes,
Taylor Film Crit,https://taylorfilmcritic.wordpress.com/,https://taylorfilmcritic.wordpress.com/feed/,Unspecified,alphabetical,included,yes,yes,
Technbuzz.com,https://www.technbuzz.com/,https://www.technbuzz.com/feed/,Unspecified,alphabetical,included,yes,yes,
TGLG,https://392ms.witchserver.jp/kb/,https://392ms.witchserver.jp/kb/?mode=rss,Unspecified,alphabetical,included,yes,yes,
The Ancient Gaming Noob,https://tagn.wordpress.com/,http://feeds.feedburner.com/TheAncientGamingNoob,Unspecified,alphabetical,included,yes,yes,
The Bibliollama,https://www.bibliollama.uk/,https://www.bibliollama.uk/feed,Unspecified,alphabetical,included,yes,yes,
The Chip Bag,https://blog.kalechips.net/,https://kalechips.net/RSS.xml,Unspecified,alphabetical,included,yes,yes,
The Dragon Chronicle,https://www.thedragonchronicle.com/,http://feeds.feedburner.com/lazy-sniper/iEkg,Unspecified,alphabetical,included,yes,yes,
The Friendly Necromancer,http://thefriendlynecromancer.blogspot.com/,http://thefriendlynecromancer.blogspot.com/feeds/posts/default,Unspecified,alphabetical,included,yes,yes,
The Gamepad.Club Blog,https://blog.gamepad.club/,https://blog.gamepad.club/feed/,Unspecified,alphabetical,included,yes,yes,
The Ghastly Gamer,https://ghastlymirror.wordpress.com/,https://ghastlymirror.wordpress.com/feed/,Unspecified,alphabetical,included,yes,yes,
The GM Tim,https://thegmtim.ca/,https://thegmtim.ca/feed/,Unspecified,alphabetical,included,yes,yes,
The Last Chapter Gaming Blog,https://thelastchapterguild.wordpress.com/,https://thelastchapterguild.wordpress.com/feed/,Unspecified,alphabetical,included,yes,yes,
The Lesser Key of St. Byleth,https://saintbyleth.wordpress.com/,https://saintbyleth.wordpress.com/feed/,Unspecified,alphabetical,included,yes,yes,
The Maker Dad,https://themakerdad.com/,https://themakerdad.com/rss/,Unspecified,alphabetical,included,yes,yes,
The MMOist,https://themmoist.wordpress.com/,https://themmoist.wordpress.com/feed/,Unspecified,alphabetical,included,yes,yes,
The Sun and The Air,https://criminallyvulgar.dev/,https://criminallyvulgar.dev/feed/,Unspecified,alphabetical,included,yes,yes,
The Tangent Space,https://thetangent.space/,https://thetangent.space/feed.xml,Unspecified,alphabetical,included,yes,yes,
The Video Game Obscura,https://vgobscura.neocities.org/,https://vgobscura.neocities.org/rssfeed.xml,Unspecified,alphabetical,included,yes,yes,
The Virtual Moose,https://virtualmoose.org/,https://virtualmoose.org/feed/,Unspecified,alphabetical,included,yes,yes,
The Weekly Miscellaneous,https://theweeklymiscellaneous.co.uk/,https://theweeklymiscellaneous.co.uk/index.xml,Unspecified,alphabetical,included,yes,yes,
The Works of Egan,https://theworksofegan.net/,https://theworksofegan.net/feed.xml,Unspecified,alphabetical,included,yes,yes,
ThinkRoot,https://thinkroot.xyz/,https://thinkroot.xyz/feed.php,Unspecified,alphabetical,included,yes,yes,
Third World Ecologist,https://3rdworldecol.neocities.org/,https://3rdworldecol.neocities.org/RSS.xml,Unspecified,alphabetical,included,yes,yes,
Through Wolfy's Eyes,https://wolfyseyes.wordpress.com/,http://wolfyseyes.wordpress.com/feed/,Unspecified,alphabetical,included,yes,yes,
Timbornholdt.com,https://timbornholdt.com/blog,https://www.timbornholdt.com/blog/feed.rss,Unspecified,alphabetical,included,yes,yes,
Time to Loot,https://www.timetoloot.com/,https://www.timetoloot.com/feed/,Unspecified,alphabetical,included,yes,yes,
Tobold's Blog,http://tobolds.blogspot.com/,http://feeds2.feedburner.com/ToboldsBlog,Unspecified,alphabetical,included,yes,yes,
Toby Geeks Out,https://tobygeeksout.micro.blog/,https://tobygeeksout.micro.blog/feed.xml,Unspecified,alphabetical,included,yes,yes,
Tommyeveryday,https://tommyeveryday.mataroa.blog,https://tommyeveryday.mataroa.blog/rss/,Unspecified,alphabetical,included,yes,yes,
Trevor's Cold Toast,https://coldtoast.org/,https://coldtoast.org/index.xml,Unspecified,alphabetical,included,yes,yes,
Ubergeek Kelly's World,https://www.kgadams.net/,https://www.kgadams.net/feed,Unspecified,alphabetical,included,yes,yes,
Uncountable Thoughts,https://thoughts.uncountable.uk/,https://thoughts.uncountable.uk/feed/,Unspecified,alphabetical,included,yes,yes,
Unidentified Signal Source,https://unidentifiedsignalsource.wordpress.com/,https://unidentifiedsignalsource.wordpress.com/feed/,Unspecified,alphabetical,included,yes,yes,
Valentine's days,https://valentine.bearblog.dev/,https://valentine.bearblog.dev/feed/,Unspecified,alphabetical,included,yes,yes,
Varun Barad - Curious Developer,https://varunbarad.com/,https://varunbarad.com/feed.xml,Unspecified,alphabetical,included,yes,yes,
Vicissitudes,https://vixiss.bearblog.dev/,https://vixiss.bearblog.dev/feed/,Unspecified,alphabetical,included,yes,yes,
Vrabia,https://vrabia.bearblog.dev/,https://vrabia.bearblog.dev/feed/,Unspecified,alphabetical,included,yes,yes,
Wa Wa Wa,https://wawawa.bearblog.dev/,https://wawawa.bearblog.dev/feed/,Unspecified,alphabetical,included,yes,yes,
Waxing Poetic About Life,https://waxingpoeticaboutlife.dreamwidth.org/,https://waxingpoeticaboutlife.dreamwidth.org/data/rss,Unspecified,alphabetical,included,yes,yes,
WCRobinson,https://wcrobinson.org/,https://wcrobinson.org/feed/,Unspecified,alphabetical,included,yes,yes,
Welcome to Saltville,https://www.mollyrazor.com/,https://www.mollyrazor.com/feed/,Unspecified,alphabetical,included,yes,yes,
Welcome to the Garden,https://whimsies.bearblog.dev/,https://whimsies.bearblog.dev/feed/,Unspecified,alphabetical,included,yes,yes,
What the Fran,https://francescrossley.com/,https://francescrossley.com/feed/,Unspecified,alphabetical,included,yes,yes,
Whats Occurin' ?,https://www.youtube.com/channel/UCAv8L8WQAZqClsJItHwIDqw,https://www.youtube.com/feeds/videos.xml?channel_id=UCAv8L8WQAZqClsJItHwIDqw,Unspecified,alphabetical,included,yes,yes,
When a Gamer Girl Grows up,https://grownupgamergirl.wordpress.com/,https://grownupgamergirl.wordpress.com/feed/,Unspecified,alphabetical,included,yes,yes,
Why I Game,https://whyigame.wordpress.com/,http://whyigame.wordpress.com/feed/,Unspecified,alphabetical,included,yes,yes,
Words and essays and more,https://www.omz13.com/,https://www.omz13.com/feed.rss,Unspecified,alphabetical,included,yes,yes,
Words Under My Name,https://wordsundermyname.wordpress.com/,https://wordsundermyname.wordpress.com/feed/,Unspecified,alphabetical,included,yes,yes,
wry writer,https://wrywriter.ca,https://wrywriter.ca/posts_feed,Unspecified,alphabetical,included,yes,yes,
WW0CJ,https://ww0cj.radio/,https://ww0cj.radio/feed/,Unspecified,alphabetical,included,yes,yes,
X2600,https://write.as/blog-x2600/,https://write.as/blog-x2600/feed/,Unspecified,alphabetical,included,yes,yes,
Yordi - A Lifelong Journey of Growth,https://yordi.me/,https://yordi.me/feed/,Unspecified,alphabetical,included,yes,yes,
#デザイン 記事まとめ,https://note.com/notemagazine/m/m57787022cedc,https://note.mu/notemag/m/m57787022cedc/rss,Japanese,other-languages,included,yes,yes,
Blog - 鳥啼く頃に,https://torinakukoroni.blog.fc2.com/,https://torinakukoroni.blog.fc2.com/?xml,Japanese,other-languages,included,yes,yes,
そのうち33歳 せいかつブログ,https://wakanatrium.site/,https://wakanatrium.site/?mode=rss,Japanese,other-languages,included,yes,yes,
わくパンの思考のかけら,https://wakupanbouquet.hatenablog.com/,https://wakupanbouquet.hatenablog.com/rss,Japanese,other-languages,included,yes,yes,
コーポ雪原,https://coop-setsugen.com/,https://coop-setsugen.com/feed.xml,Japanese,other-languages,included,yes,yes,
スナックエルベ,https://elve.club/,https://elve.club/feed,Japanese,other-languages,included,yes,yes,
伏枥之间,https://leehenry.top/,https://leehenry.top/rss.xml,Chinese,other-languages,included,yes,yes,
粉红路,https://pinkway.mataroa.blog/,https://pinkway.mataroa.blog/rss/,Chinese,other-languages,included,yes,yes,
素生,https://z.arlmy.me/,http://z.arlmy.me/atom.xml,Chinese,other-languages,included,yes,yes,
